{"cameraMode":{"drawMode":0,"name":"Shaded","section":"Shading Mode"},"sceneLighting":false,"audioPlay":false,"sceneViewState":{"m_AlwaysRefresh":false,"showFog":true,"showSkybox":true,"showFlares":true,"showImageEffects":true,"showParticleSystems":true,"showVisualEffectGraphs":true,"m_FxEnabled":false},"in2DMode":false,"pivot":{"x":0.5095930695533752,"y":0.399069607257843,"z":-0.03924237936735153},"rotation":{"x":-0.26742586493492129,"y":0.05719008669257164,"z":-0.015909630805253984,"w":-0.9617546200752258},"size":1.658312439918518,"orthographic":false}