{"cameraMode":{"drawMode":0,"name":"Shaded","section":"Shading Mode"},"sceneLighting":false,"audioPlay":false,"sceneViewState":{"m_AlwaysRefresh":false,"showFog":true,"showSkybox":true,"showFlares":true,"showImageEffects":true,"showParticleSystems":true,"showVisualEffectGraphs":true,"m_FxEnabled":false},"in2DMode":false,"pivot":{"x":3.7538957595825197,"y":2.3272740840911867,"z":13.294261932373047},"rotation":{"x":0.0688704252243042,"y":-0.04338608682155609,"z":-0.002999326679855585,"w":-0.9966812133789063},"size":12.12435531616211,"orthographic":false}