{"cameraMode":{"drawMode":0,"name":"Shaded","section":"Shading Mode"},"sceneLighting":true,"audioPlay":false,"sceneViewState":{"m_AlwaysRefresh":false,"showFog":true,"showSkybox":false,"showFlares":true,"showImageEffects":true,"showParticleSystems":true,"showVisualEffectGraphs":true,"m_FxEnabled":false},"in2DMode":false,"pivot":{"x":0.10769320279359818,"y":-1.3361008167266846,"z":0.1807267963886261},"rotation":{"x":0.11140675842761994,"y":-0.8358972668647766,"z":0.18447516858577729,"w":0.5048085451126099},"size":0.06350016593933106,"orthographic":false}