{"cameraMode":{"drawMode":0,"name":"Shaded","section":"Shading Mode"},"sceneLighting":false,"audioPlay":false,"sceneViewState":{"m_AlwaysRefresh":false,"showFog":true,"showSkybox":false,"showFlares":true,"showImageEffects":true,"showParticleSystems":true,"showVisualEffectGraphs":true,"m_FxEnabled":false},"in2DMode":false,"pivot":{"x":-0.013384059071540833,"y":0.16262027621269227,"z":-1.3743809461593629},"rotation":{"x":0.000854686601087451,"y":-0.9986762404441834,"z":-0.048264279961586,"w":-0.017686884850263597},"size":1.0779999494552613,"orthographic":false}